INSERT INTO user_account(user_type, firstName, lastName, userName, password, email,dateRegistered) VALUES('User', 'Alex', 'Heaton', 'Big_Cookin', '12345', 'bigcookin@gmail.com', CURRENT_TIMESTAMP), ('User', 'Joe', 'Mulberry', 'surfNturf', 'med78rare#4', 'mulberry_j_78@aol.com', CURRENT_TIMESTAMP), ('User', 'Jolie', 'Curry', 'curryLov3r', 'nod4$5y', 'rafasgj@me.com', CURRENT_TIMESTAMP), ('User', 'Jenny', 'Brown', 'sscorpio', 'sdfg@&*f', 'steaks_only@live.com', CURRENT_TIMESTAMP), ('User', 'Neha', 'Felix', 'temmink', 't234t6j', 'temmink@verizon.net', CURRENT_TIMESTAMP), ('User', 'Jenny', 'Coleman', 'prawn_baby', '2345fg@#g', 'jgwang@optonline.net', CURRENT_TIMESTAMP), ('User', 'David', 'Chang', 'notTHATdchang', 'we234@', 'lridener@me.com', CURRENT_TIMESTAMP), ('User', 'Lyssa', 'Palmer', 'lpalmer', '2345fg@#g', 'lpalmer@sbcglobal.net', CURRENT_TIMESTAMP)
INSERT INTO user_account(user_type, firstName, lastName, userName, password, email,dateRegistered) VALUES('Chef', 'Guy', 'Fieri', 'Flavor_Town', 'FL4V0R', 'donkey_sauce@yahoo.com', CURRENT_TIMESTAMP), ('Chef', 'Gordon', 'Ramsey', 'hells_finest', '42t6v', 'itsRAW@yahoo.com', CURRENT_TIMESTAMP), ('Chef', 'Rene', 'Redzepi', 'GreatDane', 'sreghbh@#', 'redrene@noma.com', CURRENT_TIMESTAMP), ('Chef', 'David', 'Chang', 'UglyDelicious', 'sfdg34t', 'd_chang77@gmail.com', CURRENT_TIMESTAMP), ('Chef', 'Chen', 'Kenichi', 'szechuan_sage', '34556', 'chen_kenichi@ironchef.net', CURRENT_TIMESTAMP), ('Critic', 'Alton', 'Brown', 'GoodEats', 'sfdg34t', 'altbrown62@gmail.com', CURRENT_TIMESTAMP), ('Critic', 'Wolfgang', 'Puck', 'johan_the_rohan', '325gXRF', 'puck62@gmail.com', CURRENT_TIMESTAMP), ('Critic', 'Anthony', 'Bourdain', 'food_unbound', '23gh@#4', 'abourdain56@gmail.com', CURRENT_TIMESTAMP), ('Critic', 'Jonathan', 'Gold', 'pureGOLD', '435t#f', 'cityofgold@outlook.com', CURRENT_TIMESTAMP)

INSERT INTO chef(id, yearsofexperience) VALUES(9, 35), (10, 4), (11, 17), (12, 20), (13, 48)

INSERT INTO foodcritic(id, currentplatform) VALUES(14, 'instagram'), (15, 'twitter'), (16, 'instagram'), (17, 'tiktok')

INSERT INTO user_account_junction(user_account, user_following) VALUES(9, 1), (12, 1), (13, 1)
INSERT INTO user_account_junction(user_account, user_following) VALUES(9, 2), (10, 2)
INSERT INTO user_account_junction(user_account, user_following) VALUES(9, 4), (11, 4), (12, 4), (13, 4), (14, 4), (16, 4), (17, 4)
INSERT INTO user_account_junction(user_account, user_following) VALUES(13, 5), (14, 5), (17, 5)
INSERT INTO user_account_junction(user_account, user_following) VALUES(16, 6)
INSERT INTO user_account_junction(user_account, user_following) VALUES(9, 7), (14, 7)
INSERT INTO user_account_junction(user_account, user_following) VALUES(11, 9), (12, 9), (17, 9)
INSERT INTO user_account_junction(user_account, user_following) VALUES(13, 10)
INSERT INTO user_account_junction(user_account, user_following) VALUES(14, 13), (16, 13), (17, 13)
INSERT INTO user_account_junction(user_account, user_following) VALUES(9, 16), (11, 16), (12, 16), (13, 16)
INSERT INTO user_account_junction(user_account, user_following) VALUES(9, 17), (14, 17)

INSERT INTO cuisine(name) VALUES ('Vegan')
INSERT INTO cuisine(name, region) VALUES ('Sichuan', 'China'), ('Hunan', 'Chinese'), ('American BBQ', 'North America'), ('Japanese', 'Japan'), ('Cajun', 'Louisiana'), ('Haute', 'France'), ('French', 'France')
INSERT INTO cuisine(name, region, religion) VALUES ('Indian','India','Hindu'), ('Israeli', 'Israel', 'Judaism')

INSERT INTO cuisine_chef(cuisine, chef) VALUES('American BBQ', 9), ('Cajun', 9)
INSERT INTO cuisine_chef(cuisine, chef) VALUES('Indian', 10), ('Israeli', 10), ('Hunan', 10)
INSERT INTO cuisine_chef(cuisine, chef) VALUES('Haute', 11)
INSERT INTO cuisine_chef(cuisine, chef) VALUES('Indian', 12), ('Vegan', 12)
INSERT INTO cuisine_chef(cuisine, chef) VALUES('Japanese', 13), ('Sichuan', 13)

INSERT INTO ingredient(name, description, type) VALUES('Tofu', 'Prepared by coagulating soy milk and then pressing the resulting curds into solid white blocks of varying softness.', 'Other')
INSERT INTO ingredient(name, description, type) VALUES('Pork Sausage', 'Ground pork and various seasoning in some sort of casing.', 'Meat')
INSERT INTO ingredient(name, description, type) VALUES('Chicken Thigh', 'Dark meat from the upper leg.', 'Meat')
INSERT INTO ingredient(name, description, type) VALUES('Ground Beef', 'Beef that has been finely minced.', 'Meat')
INSERT INTO ingredient(name, description, type) VALUES('Crawfish', 'Shrimp but worse.', 'Meat')
INSERT INTO ingredient(name, description, type) VALUES('Rice', 'A cereal grain that is a staple in a lot of cultures.', 'Grain')
INSERT INTO ingredient(name, description, type) VALUES('Noodle', 'Dough that is flattened, rolled, and cut into long skinny strips.', 'Grain')
INSERT INTO ingredient(name, description, type) VALUES('Brioche', 'A French bread with a high egg and butter content.', 'Bread')
INSERT INTO ingredient(name, description, type) VALUES('Onion', 'A root vegetable known for a very strong taste and when raw, used in many dishes around the world.', 'Vegetable')
INSERT INTO ingredient(name, description, type) VALUES('Shallot', 'A strange skinny onion.', 'Vegetable')
INSERT INTO ingredient(name, description, type) VALUES('Potato', 'A starchy root vegetable known for its nutritional value.', 'Vegetable')
INSERT INTO ingredient(name, description, type) VALUES('Lettuce', 'A leafy green common in salads.', 'Vegetable')
INSERT INTO ingredient(name, description, type) VALUES('Beet', 'A root vegetable high in protein.', 'Vegetable')
INSERT INTO ingredient(name, description, type) VALUES('Avocado', 'A rich and buttery fruit with a huge seed.', 'Fruit')
INSERT INTO ingredient(name, description, type) VALUES('Sichuan Peppercorn', 'Known for its spice and ability to numb the palate.  Common in sichuan cooking.', 'Spice')
INSERT INTO ingredient(name, description, type) VALUES('Sugar', 'A water soluble compound that can add sweetness to any dish.', 'Spice')
INSERT INTO ingredient(name, description, type) VALUES('Curry Powder', 'A strong spice blend that contains a varying assortment of spices.', 'Spice')
INSERT INTO ingredient(name, description, type) VALUES('Salt', 'The universal flavor enhancer.  Who cares if the recipe calls for it, just add it.', 'Spice')
INSERT INTO ingredient(name, description, type) VALUES('Black Pepper', 'Salts less important partner.', 'Spice')
INSERT INTO ingredient(name, description, type) VALUES('Ginger', 'A strong aromatic root that can both add powerful flavor and soothe the stomach.', 'Spice')
INSERT INTO ingredient(name, description, type) VALUES('Garlic', 'A strong aromatic vegetable used throughout the world.', 'Spice')
INSERT INTO ingredient(name, description, type) VALUES('Chili Powder', 'A spice blend of various chiles ground into powder.', 'Spice')
INSERT INTO ingredient(name, description, type) VALUES('Chili Paste', 'A condiment or sauce that brings heat to the dish.', 'Sauce')
INSERT INTO ingredient(name, description, type) VALUES('Chicken Stock', 'Made from the bones of the chicken, it contains the chicken flavor in liquid form.', 'Sauce')
INSERT INTO ingredient(name, description, type) VALUES('Vinaigrette', 'Made from some combination of oil and vinegar.', 'Sauce')
INSERT INTO ingredient(name, description, type) VALUES('Yogurt', 'Fermented milk that congeals into a creamy sauce.', 'Sauce')
INSERT INTO ingredient(name, description, type) VALUES('Swiss Cheese', 'A mild, soft cheese known for being full of holes!', 'Cheese')

INSERT INTO cuisine_ingredient(cuisine, ingredient) VALUES('Vegan', 'Avocado')
INSERT INTO cuisine_ingredient(cuisine, ingredient) VALUES('Vegan', 'Tofu')
INSERT INTO cuisine_ingredient(cuisine, ingredient) VALUES('Sichuan', 'Sichuan Peppercorn')
INSERT INTO cuisine_ingredient(cuisine, ingredient) VALUES('Sichuan', 'Tofu')
INSERT INTO cuisine_ingredient(cuisine, ingredient) VALUES('Sichuan', 'Chili Paste')
INSERT INTO cuisine_ingredient(cuisine, ingredient) VALUES('Hunan', 'Ginger')
INSERT INTO cuisine_ingredient(cuisine, ingredient) VALUES('American BBQ', 'Pork Sausage')
INSERT INTO cuisine_ingredient(cuisine, ingredient) VALUES('Japanese', 'Ginger')
INSERT INTO cuisine_ingredient(cuisine, ingredient) VALUES('Cajun', 'Crawfish')
INSERT INTO cuisine_ingredient(cuisine, ingredient) VALUES('Haute', 'Shallot')
INSERT INTO cuisine_ingredient(cuisine, ingredient) VALUES('Haute', 'Vinaigrette')
INSERT INTO cuisine_ingredient(cuisine, ingredient) VALUES('French', 'Brioche')
INSERT INTO cuisine_ingredient(cuisine, ingredient) VALUES('Indian', 'Curry Powder')
INSERT INTO cuisine_ingredient(cuisine, ingredient) VALUES('Indian', 'Chili Powder')
INSERT INTO cuisine_ingredient(cuisine, ingredient) VALUES('Israeli', 'Yogurt')

INSERT INTO recipe(cooktime, description, difficultyrating, name, numberofservings, preptime, chef_id, cuisineorigin_name) VALUES(25, 'Mapo Tofu is a popular and spicy dish from Sichuan, China known for its use of spicy peppercorns.', 4, 'Mapo Tofu', 6, 10, 13, 'Sichuan')
INSERT INTO recipe(cooktime, description, difficultyrating, name, numberofservings, preptime, chef_id, cuisineorigin_name) VALUES(30, 'Chicken and hearty vegetables in a thick, spicy sauce', 2, 'Curry', 4, 15, 13, 'Japanese')
INSERT INTO recipe(cooktime, description, difficultyrating, name, numberofservings, preptime, chef_id, cuisineorigin_name) VALUES(30, 'High protein veggies served in a bowl with a ranch based dressing', 1, 'Power Bowl', 2, 20, 12, 'Vegan')
INSERT INTO recipe(cooktime, description, difficultyrating, name, numberofservings, preptime, chef_id) VALUES(20, 'Chicken and noodles served in a hearty broth', 2, 'Chicken Noodle Soup', 6, 20, 11)
INSERT INTO recipe(cooktime, description, difficultyrating, name, numberofservings, preptime, chef_id, cuisineorigin_name) VALUES(30, 'Roasted marinated chicken in a spicy curry sauce', 5, 'Chicken Tikka Masala', 4, 40, 10, 'Indian')
INSERT INTO recipe(cooktime, description, difficultyrating, name, numberofservings, preptime, chef_id, cuisineorigin_name) VALUES(30, 'Chicken and hearty vegetables in a thick, spicy sauce', 3, 'Curry', 8, 30, 10, 'Indian')
INSERT INTO recipe(cooktime, description, difficultyrating, name, numberofservings, preptime, chef_id, cuisineorigin_name) VALUES(15, 'A beef patty, select vegetables, and sauce on a pair of wheat buns', 2, 'Good Ol Burger', 8, 15, 9, 'American BBQ')

INSERT INTO ingredientamount(amount, units, ingredient_name, recipe_id) VALUES (1, 'lbs', 'Tofu', 1), (2, 'lbs', 'Chicken Thigh', 1), (2, 'tsp', 'Sichuan Peppercorn', 1), (3, 'tsp', 'Chili Paste', 1)
INSERT INTO ingredientamount(amount, units, ingredient_name, recipe_id) VALUES (2, 'tbsp', 'Curry Powder', 2), (2, 'lbs', 'Chicken Thigh', 2), (2, 'lbs', 'Onion', 2)
INSERT INTO ingredientamount(amount, units, ingredient_name, recipe_id) VALUES (0.5, 'lb', 'Avocado', 3), (1, 'cup', 'Yogurt', 3), (2, 'tbsp', 'Vinaigrette', 3), (0.5, 'lbs', 'Beet', 3)
INSERT INTO ingredientamount(amount, units, ingredient_name, recipe_id) VALUES (1, 'lb', 'Chicken Thigh', 4), (1, 'cup', 'Noodle', 4), (2, 'cups', 'Chicken Stock', 4)
INSERT INTO ingredientamount(amount, units, ingredient_name, recipe_id) VALUES (1.5, 'lbs', 'Chicken Thigh', 5), (1, 'tbsp', 'Chili Powder', 5), (2, 'tsp', 'Ginger', 5)
INSERT INTO ingredientamount(amount, units, ingredient_name, recipe_id) VALUES (3, 'lbs', 'Chicken Thigh', 6), (0, '', 'Curry Powder', 6)
INSERT INTO ingredientamount(amount, units, ingredient_name, recipe_id) VALUES (8, 'rolls', 'Brioche', 7), (2, 'lbs', 'Ground Beef', 7), (0.5, 'lbs', 'Lettuce', 7), (0.5, 'lbs', 'Onion', 7), (8, 'Slices', 'Swiss Cheese', 7)

INSERT INTO review(dateCompleted, description, rating, author_id, reciperated_id) VALUES (CURRENT_TIMESTAMP, 'This is the undisputed best mapo tofu, with a dose of Sichuan peppercorns to tingle your lips and let you know you’re alive.', 5, 15, 1)
INSERT INTO review(dateCompleted, description, rating, author_id, reciperated_id) VALUES (CURRENT_TIMESTAMP, 'This curry has all spices are well balanced and pleasant, and overtake the sweetness just right.', 3, 17, 2)
INSERT INTO review(dateCompleted, description, rating, author_id, reciperated_id) VALUES (CURRENT_TIMESTAMP, 'The ranch dressing makes this power bowl kind of messy, and ruins the taste a little bit.', 4, 16, 3)
INSERT INTO review(dateCompleted, description, rating, author_id, reciperated_id) VALUES (CURRENT_TIMESTAMP, 'Overall a good chicken noodles soup. Great taste of soup and chicken, but noodles are too soft and losing its texture.', 3, 15, 4)
INSERT INTO review(dateCompleted, description, rating, author_id, reciperated_id) VALUES (CURRENT_TIMESTAMP, 'Great curry with an amazing taste, it would be perfect if vegetables were cooked longer.', 5, 16, 5)
INSERT INTO review(dateCompleted, description, rating, author_id, reciperated_id) VALUES (CURRENT_TIMESTAMP, 'One of the greatest burger, with the perfect combination of meat, veggie, and sauce.', 4, 14, 6)
INSERT INTO review(dateCompleted, description, rating, author_id, reciperated_id, previous_id) VALUES (CURRENT_TIMESTAMP, 'Great taste, just like the last time.', 5, 15, 1, 1)

INSERT INTO step(ordernumber, description, time, recipe_id) VALUES (1, 'Heat the pan, oil, and peppercorns over medium heat. Transfer them out when peppercorns are brown and crispy', 5, 1)
INSERT INTO step(ordernumber, description, time, recipe_id) VALUES (2, 'Add new oil and add chicken when it is heat.', 2, 1)
INSERT INTO step(ordernumber, description, time, recipe_id) VALUES (3, 'Spread tofu evenly on the top of chicken. Add Chili Paste, pour in water and cook until bringing to a simmer. Cover it until the sauce is barely covered tofu', 15, 1)
INSERT INTO step(ordernumber, description, time, recipe_id) VALUES (1, 'Heat the pan and oil, then add onion. Cook until onion is turning into white.', 5, 2)
INSERT INTO step(ordernumber, description, time, recipe_id) VALUES (2, 'Add chicken and fully cook it.', 5, 2)
INSERT INTO step(ordernumber, description, time, recipe_id) VALUES (3, 'Add boiled water until it covers onion and chicken and boils again.',2, 2)
INSERT INTO step(ordernumber, description, time, recipe_id) VALUES (4, 'Turn off the heat, add curry powder, and stir it until powder is evenly spread.', 5, 2)
INSERT INTO step(ordernumber, description, time, recipe_id) VALUES (1, 'Cut avocado into slices, and put them in a big bowl.', 3, 3)
INSERT INTO step(ordernumber, description, time, recipe_id) VALUES (2, 'Add yogurt, vinaigrette, and beet. Then mixing with avocado.', 2, 3)
INSERT INTO step(ordernumber, description, time, recipe_id) VALUES (1, 'Heat the pan and fry chicken until it is fully cooked.', 8, 4)
INSERT INTO step(ordernumber, description, time, recipe_id) VALUES (2, 'Heat up water in a pot, and add noodles when it is boiled.', 10, 4)
INSERT INTO step(ordernumber, description, time, recipe_id) VALUES (3, 'Put cooked noodles and chicken in a bowl, then add chicken stock into the bowl.', 1, 4)
INSERT INTO step(ordernumber, description, time, recipe_id) VALUES (1, 'In a bowl, combine chicken with ginger to marinade.', 20, 5)
INSERT INTO step(ordernumber, description, time, recipe_id) VALUES (2, 'Heat oil in a large skillet. When sizzling, add chicken pieces in batches of two or three. Fry until chicken is brown.', 8, 5)
INSERT INTO step(ordernumber, description, time, recipe_id) VALUES (3, 'Pour in water, and add curry powder when water is boiling. Keep stirring until powder is fully melted.', 5, 5)
INSERT INTO step(ordernumber, description, time, recipe_id) VALUES (1, 'Heat oil in a large skillet. When sizzling, add chicken pieces in batches of two or three. Fry until chicken is brown.', 8, 6)
INSERT INTO step(ordernumber, description, time, recipe_id) VALUES (2, 'Pour in water, and add curry powder when water is boiling. Keep stirring until powder is fully melted.', 5, 6)
INSERT INTO step(ordernumber, description, time, recipe_id) VALUES (1, 'Cut brioche into even slices.', 3, 7)
INSERT INTO step(ordernumber, description, time, recipe_id) VALUES (2, 'Toast the cut side until it is brown.', 2, 7)
INSERT INTO step(ordernumber, description, time, recipe_id) VALUES (3, 'Mix ground beef with salt, and make them into shape of patty.', 5, 7)
INSERT INTO step(ordernumber, description, time, recipe_id) VALUES (4, 'Heat up the pan, cook patty for one sides.', 5, 7)
INSERT INTO step(ordernumber, description, time, recipe_id) VALUES (5, 'Turn the patty, and add cheese on the cooked side.', 5, 7)
INSERT INTO step(ordernumber, description, time, recipe_id) VALUES (6, 'Put cooked patty on the bun, and add lettuce between patty and top bun.', 2, 7)